<?xml version="1.0" encoding="UTF-8"?>
<odoo>
    <data noupdate="1">
        <!-- Server action to send email on sale order confirmation -->
        <record id="action_send_email_on_sale_order_confirmation" model="ir.actions.server">
            <field name="name">Send Email on Sale Order Confirmation</field>
            <field name="model_id" ref="sale.model_sale_order"/>
            <field name="state">code</field>
            <field name="code">
                if records:
                    action = env['sale.order'].send_order_confirmation_email(records.ids)
<!--                action = env.ref('library_management.email_template_sale_order_confirmation').send_mail(record.id, force_send=True)-->
            </field>
        </record>

<!--        &lt;!&ndash; Automated action to trigger the server action on sale order confirmation &ndash;&gt;-->
<!--        <record id="automated_action_sale_order_confirmation" model="base.automation">-->
<!--            <field name="name">Send Email on Sale Order Confirmation</field>-->
<!--            <field name="model_id" ref="sale.model_sale_order"/>-->
<!--            <field name="trigger">on_write</field>-->
<!--            <field name="filter_domain">[('state', '=', 'sale')]</field>-->
<!--            <field name="state">code</field>-->
<!--            <field name="code">-->
<!--                env['ir.actions.server'].browse(ref('library_management.action_send_email_on_sale_order_confirmation')).run()-->
<!--            </field>-->
<!--        </record>-->
    </data>
</odoo>
